Name,Location,Nearest Station,Postal_Code,Latitude,Longitude
Greggs (Abbey Wood),"7 Wilton Road, Abbey Wood, London, SE2 9RH",Abbey Wood,SE2 9RH,51.4907064,0.1210778
Greggs (Thamesmead),"6, Joyce Dawson Way, Thamesmead, London, SE28 8RA",Abbey Wood,SE28 8RA,51.5070067,0.1067046
Greggs (Addiscombe),"251 Lower Addiscombe Road, Addiscombe, Croydon, CR0 6RD",Addiscombe,CR0 6RD,51.3806576,-0.0722609
Greggs (Islington),"31 Chapel Market, Islington, London, N1 9EN",Angel,N1 9EN,51.5336909,-0.1079451
Greggs (Archway),"33 Junction Road, Archway, London, N19 5QT",Archway,N19 5QT,51.5649308,-0.1345248
Greggs (Ashford),"7, Grove House, Church Road, Ashford, Ashford (Middlesex), TW15 2UD",Ashford,TW15 2UD,51.4338822,-0.4652676
Greggs (Balham),"141 Balham High Road, Balham, London, SW12 9AU",Balham,SW12 9AU,51.4440436,-0.1517728
Greggs (Town Centre),"59 East Street, Town Centre, Barking, IG11 8EJ",Barking,IG11 8EJ,51.5378014,0.0789702
Greggs (Barkingside),"75-75A High Street, Barkingside, Ilford, IG6 2AF",Barkingside,IG6 2AF,51.5905717,0.0820784
Greggs (Roehampton),"37 Danebury Avenue, Roehampton, London, SW15 4DQ",Barnes,SW15 4DQ,51.4494714,-0.2420281
Greggs (Becontree),"12 Woodward Road, Becontree, Dagenham, RM9 4SH",Becontree,RM9 4SH,51.5389411,0.1271083
Greggs (Town Centre),"11, Fairgreen Parade, London Road, Town Centre, Mitcham, CR4 3NA",Belgrave Walk,CR4 3NA,51.4055258,-0.1646749
Greggs (Bethnal Green),"112 Roman Road, Bethnal Green, London, E2 0RN",Bethnal Green,E2 0RN,51.5289924,-0.0470819
Greggs (Bermondsey),"79 Tower Bridge Road, Bermondsey, London, SE1 4TW",Borough,SE1 4TW,51.4964271,-0.0827008
Greggs (Bow),"628 Roman Road, Bow, London, E3 2RW",Bow Road,E3 2RW,51.5336898,-0.0276259
Greggs (Ponders End),"110 South Street, Ponders End, Enfield, EN3 4QA",Brimsdown,EN3 4QA,51.6432736,-0.0387615
Greggs (Brixton),"4 Electric Avenue, Brixton, London, SW9 8JX",Brixton,SW9 8JX,51.4624143,-0.1136933
Greggs (Bromley),"112 High Street Bromley, Bromley, Bromley, BR1 1HG",Bromley South,BR1 1HG,51.4037375,0.01494
Greggs (Bromley),"15 High Street Bromley, Bromley, Bromley, BR1 1LF",Bromley South,BR1 1LF,51.4006016,0.0171769
Greggs (),"9 Bush Hill Parade, Enfield, EN1 2HB",Bush Hill Park,EN1 2HB,51.6369876,-0.0808119
Greggs (Edmonton),"8, Cambridge Terrace, Bury Street West, Edmonton, London, N9 9JJ",Bush Hill Park,N9 9JJ,51.6340999,-0.07114
Greggs (Town Centre),"6 Station Approach, Town Centre, Watford, WD19 7DT",Carpenders Park,WD19 7DT,51.6282793,-0.3864132
Greggs (Catford),"136 Rushey Green, Catford, London, SE6 4HQ",Catford Bridge,SE6 4HQ,51.4461805,-0.0196092
Greggs (Becontree),"792 Green Lane, Becontree, Dagenham, RM8 1YT",Chadwell Heath,RM8 1YT,51.56204,0.12301
Greggs (King's Cross),"5 High Holborn, King's Cross, London, WC1V 6DR",Chancery Lane,WC1V 6DR,51.5183946,-0.1121274
Greggs (The City),"81 Leather Lane, The City, London, EC1N 7TS",Chancery Lane,EC1N 7TS,51.5215478,-0.1102393
Greggs (Chingford),"25 Station Road, Chingford, London, E4 7BJ",Chingford,E4 7BJ,51.6309487,0.0027522
Greggs (Chingford),"60 Sewardstone Road, Chingford, London, E4 7PR",Chingford,E4 7PR,51.63499,-0.01279
Greggs (Chiswick),"364 Chiswick High Road, Chiswick, London, W4 5TA",Chiswick Park,W4 5TA,51.4926854,-0.2624655
Greggs (Croydon),"66 High Street, Croydon, Croydon, CR0 1NA",Church Street,CR0 1NA,51.3711977,-0.1005567
Greggs (West Croydon),"51 North End, West Croydon, Croydon, CR0 1TG",Church Street,CR0 1TG,51.3752273,-0.1013769
Greggs (The City),"41-43 Ludgate Hill, The City, London, EC4M 7JN",City Thameslink,EC4M 7JN,51.5138112,-0.1021849
Greggs (Clapham),"166 Clapham High Street, Clapham, London, SW4 7UG",Clapham Common,SW4 7UG,51.4623535,-0.1372825
Greggs (Battersea),"29 Falcon Road, Battersea, London, SW11 2PH",Clapham Junction,SW11 2PH,51.4689619,-0.1708847
Greggs (Battersea),"22 St. John's Road, Battersea, London, SW11 1QQ",Clapham Junction,SW11 1QQ,51.46299,-0.16799
Greggs (),"Bookham Road, Cobham, KT11 3JS",Cobham & Stoke d'Abernon,KT11 3JS,51.3051508,-0.4099166
Greggs (Crayford),"1 Tower Park Road, Crayford, Dartford, DA1 4LB",Crayford,DA1 4LB,51.450657,0.1830035
Greggs (Crouch End),"29 The Broadway, Crouch End, London, N8 8DU",Crouch Hill,N8 8DU,51.5788907,-0.1240162
Greggs (Greenwich),"5 Greenwich Church Street, Greenwich, London, SE10 9BJ",Cutty Sark for Maritime Greenwich,SE10 9BJ,51.4810468,-0.0097948
Greggs (Kingsland),"61 Kingsland High Street, Kingsland, London, E8 2JS",Dalston Kingsland,E8 2JS,51.548166,-0.0756806
Greggs (Town Centre),"1-5 Priory Shopping Centre, Town Centre, Dartford, DA1 2HR",Dartford,DA1 2HR,51.4438961,0.2160498
Greggs (Town Centre),"28 High Street, Town Centre, Dartford, DA1 1BZ",Dartford,DA1 1BZ,51.4444455,0.2181506
Greggs (),"6, Epping Forest Shopping Park, Langston Road, Loughton, IG10 3FT",Debden,IG10 3FT,51.6433377,0.0869005
Greggs (Loughton),"45 The Broadway, Loughton, Loughton, IG10 3SP",Debden,IG10 3SP,51.64825,0.08413
Greggs (Camberwell),"18-20 Denmark Hill, Camberwell, London, SE5 8RZ",Denmark Hill,SE5 8RZ,51.4731769,-0.0933704
Greggs (Deptford),"91 Deptford High Street, Deptford, London, SE8 4AA",Deptford,SE8 4AA,51.4770869,-0.0260406
Greggs (Highbury),"3 Highbury Park, Highbury, London, N5 1QJ",Drayton Park,N5 1QJ,51.553645,-0.0984887
Greggs (Holloway),"132 Holloway Road, Holloway, London, N7 8DD",Drayton Park,N7 8DD,51.5509318,-0.1097688
Greggs (Ealing),"10 The Broadway, Ealing, London, W5 2NH",Ealing Broadway,W5 2NH,51.5137538,-0.3033679
Greggs Cafe (Earl's Court),"183 Earls Court Road, Earl's Court, London, SW5 9RD",Earl's Court,SW5 9RD,51.4923309,-0.1929606
Greggs (East Croydon ),"15, Norfolk House, Wellesley Road, East Croydon , Croydon, CR0 1LH",East Croydon,CR0 1LH,51.3748693,-0.0968845
Greggs (East Ham),"95 High Street North, East Ham, London, E6 1HZ",East Ham,E6 1HZ,51.5363033,0.0519814
Greggs (Upton Park),"158 High Street North, Upton Park, London, E6 2HT",East Ham,E6 2HT,51.536353,0.0525135
Greggs (Edgware),"190C Station Road, Edgware, Edgware, HA8 7AR",Edgware,HA8 7AR,51.6143014,-0.2755348
Greggs (Elm Park),"12-13 The Broadway, Elm Park, Hornchurch, RM12 4RW",Elm Park,RM12 4RW,51.549579,0.1974303
Greggs (Eltham),"166 Eltham High Street, Eltham, London, SE9 1BJ",Eltham,SE9 1BJ,51.4506143,0.0563979
Greggs (Covent Garden),"421 Strand, Covent Garden, London, WC2R 0PS",Embankment,WC2R 0PS,51.50993,-0.12331
Greggs (Hornchurch),"148 High Street, Hornchurch, Hornchurch, RM12 6QX",Emerson Park,RM12 6QX,51.56206,0.22004
Greggs (Enfield Town),"8 Church Street, Enfield Town, Enfield, EN2 6BE",Enfield Town,EN2 6BE,51.652,-0.08329
Greggs (Town Centre),"5 Town Square, Town Centre, Erith, DA8 1RE",Erith,DA8 1RE,51.4801892,0.1799953
Greggs (Feltham),"57 The Centre, Feltham, Feltham, TW13 4AU",Feltham,TW13 4AU,51.4462565,-0.410924
Greggs (Town Centre),"8-8a, Market Parade, Hampton Road West, Town Centre, Feltham, TW13 6AL",Feltham,TW13 6AL,51.44024,-0.38695
Greggs (Finchley),"25 Ballards Lane, Finchley, London, N3 1XP",Finchley Central,N3 1XP,51.6033053,-0.1913248
Greggs (Finsbury Park),"255 Seven Sisters Road, Finsbury Park, London, N4 2DD",Finsbury Park,N4 2DD,51.5645185,-0.1051892
Greggs (Forest Gate),"39A Woodgrange Road, Forest Gate, London, E7 8BA",Forest Gate,E7 8BA,51.5475544,0.0250478
Greggs (Forest Hill),"163-165 Stanstead Road, Forest Hill, London, SE23 1HP",Forest Hill,SE23 1HP,51.44239,-0.04347
Greggs (Fulham),"411 North End Road, Fulham, London, SW6 1NS",Fulham Broadway,SW6 1NS,51.4827668,-0.2002569
Greggs (Fitzrovia),"2, The Qube, 101-106 Tottenham Court Road, Fitzrovia, London, W1T 4EZ",Goodge Street,W1T 4EZ,51.5223299,-0.13704
Greggs (Enfield Town),"308 Baker Street, Enfield Town, Enfield, EN1 3LD",Gordon Hill,EN1 3LD,51.66213,-0.07883
Greggs (Marylebone),"111 Great Portland Street, Marylebone, London, W1W 6QQ",Great Portland Street,W1W 6QQ,51.51975,-0.14281
Greggs (Hackney),"387 Mare Street, Hackney, London, E8 1HY",Hackney Central,E8 1HY,51.5484086,-0.0553211
Greggs (Hainault),"197 Manford Way, Hainault, Chigwell, IG7 4DJ",Hainault,IG7 4DJ,51.6083102,0.1073044
Greggs (Hammersmith),"129 King Street, Hammersmith, London, W6 9JG",Hammersmith (District),W6 9JG,51.4924627,-0.2296205
Greggs (Hammersmith),"35b, Hammersmith Broadway Shopping Centre, Hammersmith Broadway, Hammersmith, London, W6 9YD",Hammersmith (District),W6 9YD,51.4920207,-0.2240387
Greggs (Kingston),"430 Richmond Road, Kingston, Kingston Upon Thames, KT2 5PU",Hampton Wick,KT2 5PU,51.4308288,-0.3067785
Greggs (West Ealing),"A, Ealing Hosptial, Addington Close, West Ealing, Southall, UB2 4GB",Hanwell,UB2 4GB,51.50809,-0.34767
Greggs (Town Centre),"4 Farnham Road, Town Centre, Romford, RM3 8DX",Harold Wood,RM3 8DX,51.6063761,0.2187516
Greggs (Harringay),"4a, The Arena Shopping Park, Green Lanes, Harringay, London, N4 1ED",Harringay Green Lanes,N4 1ED,51.5763427,-0.0969963
Greggs (),"51 St. Ann's Road, Harrow, HA1 1JU",Harrow-on-the-Hill,HA1 1JU,51.5814217,-0.3338207
Greggs (Harlington),"Shepiston Lane, Harlington, Hayes, UB3 1LL",Hayes & Harlington,UB3 1LL,51.49438,-0.4316736
Greggs (Hayes),"25 Station Road, Hayes, Hayes, UB3 4BD",Hayes & Harlington,UB3 4BD,51.506664,-0.4186234
Greggs (Town Centre),"Unit 4, The Arena, Town Centre, Uxbridge, UB11 1AA",Hayes & Harlington,UB11 1AA,51.5123444,-0.4447318
Greggs (Town Centre),"382 Staines Road, Town Centre, Feltham, TW14 8BT",Heathrow Terminal 4,TW14 8BT,51.4534738,-0.4301851
Greggs (Stanwell),"Heathrow Airport External, Southern Perimeter Road, Stanwell, Hounslow, TW6 3PF",Heathrow Terminal 5,TW6 3PF,51.46126,-0.48185
Greggs (Hendon),"The Burroughs, Hendon, London, NW4 4BT",Hendon Central,NW4 4BT,51.5897688,-0.2292049
Greggs (Canary Wharf),"11, Canary Wharf Shopping Centre, Cabot Place East, Canary Wharf, London, E14 4QS",Heron Quays,E14 4QS,51.5050235,-0.0204937
Greggs (Barnet),"134 High Street, Barnet, Barnet, EN5 5XQ",High Barnet,EN5 5XQ,51.6547007,-0.2014918
Greggs (Chingford),"4 Albert Crescent, Chingford, London, E4 6SH",Highams Park,E4 6SH,51.6171593,-0.0184893
Greggs (Town Centre),"370 Long Lane, Town Centre, Uxbridge, UB10 9PG",Hillingdon,UB10 9PG,51.5510005,-0.4487394
Greggs (Holborn),"60 Kingsway, Holborn, London, WC2B 6DS",Holborn,WC2B 6DS,51.516537,-0.1193712
Greggs (),"181 High Street, Hounslow, TW3 1BL",Hounslow Central,TW3 1BL,51.4687616,-0.3618105
Greggs (Town Centre),"8 , Trinity Parade, High Street, Town Centre, Hounslow, TW3 1HG",Hounslow Central,TW3 1HG,51.46867,-0.36386
Greggs (Town Centre),"Junction 2/3, M4, Town Centre, Hounslow, TW5 9NB",Hounslow West,TW5 9NB,51.4881812,-0.3954155
Greggs (Town Centre),"209 High Road, Town Centre, Ilford, IG1 1LX",Ilford,IG1 1LX,51.5597002,0.0758016
Greggs (Town Centre),"15 Chapel Road, Town Centre, Ilford, IG1 2AF",Ilford,IG1 2AF,51.55784,0.07033
Greggs (Camberwell),"96-106 Camberwell Road, Camberwell, London, SE5 0EG",Kennington,SE5 0EG,51.4816999,-0.095
Greggs (Walworth),"273 Walworth Road, Walworth, London, SE17 1RL",Kennington,SE17 1RL,51.4888113,-0.0958805
Greggs (Kentish Town),"311 Kentish Town Road, Kentish Town, London, NW5 2TJ",Kentish Town,NW5 2TJ,51.5507823,-0.1412408
Greggs (Hampstead & West Hampstead),"79 Kilburn High Road, Hampstead & West Hampstead, London, NW6 6JE",Kilburn High Road,NW6 6JE,51.5380442,-0.1938212
Greggs (King's Cross),"M5, King's Cross Western Concourse, Euston Road, King's Cross, London, N1C 4AP",King's Cross St. Pancras,N1C 4AP,51.5319524,-0.1239807
Greggs (King's Cross),"61b, St. Pancras International Station, Euston Road, King's Cross, London, N1C 4QL",King's Cross St. Pancras,N1C 4QL,51.531333,-0.1263573
Greggs (King's Cross),"17b, St. Pancras International Station, Euston Road, King's Cross, London, N1C 4QL",King's Cross St. Pancras,N1C 4QL,51.531333,-0.1263573
Greggs (Kingsbury),"461 Kingsbury Road, Kingsbury, London, NW9 9DY",Kingsbury,NW9 9DY,51.58568,-0.27615
Greggs (Kingston),"28 Market Place, Kingston, Kingston Upon Thames, KT1 1JH",Kingston,KT1 1JH,51.4096763,-0.3058421
Greggs (Town Centre),"14 Castle Street, Town Centre, Kingston Upon Thames, KT1 1SS",Kingston,KT1 1SS,51.4120687,-0.3008976
Greggs (Notting Hill),"238 Portobello Road, Notting Hill, London, W11 1LJ",Ladbroke Grove,W11 1LJ,51.5172982,-0.2058874
Greggs (Lambeth),"82 Lower Marsh, Lambeth, London, SE1 7AB",Lambeth North,SE1 7AB,51.5013962,-0.1117743
Greggs (Waterloo),"93 Lower Marsh, Waterloo, London, SE1 7AB",Lambeth North,SE1 7AB,51.5013962,-0.1117743
Greggs (Millwall),"16 Market Square, Millwall, London, E14 6AQ",Langdon Park,E14 6AQ,51.5126067,-0.0147315
Greggs (Chinatown),"1-2 Leicester Square, Chinatown, London, WC2H 7NA",Leicester Square,WC2H 7NA,51.5108762,-0.1306711
Greggs (Lewisham),"13 Lewisham Centre, Lewisham, London, SE13 7EP",Lewisham,SE13 7EP,51.4619768,-0.0113402
Greggs (Lewisham),"114 Lewisham High Street, Lewisham, London, SE13 6JG",Lewisham,SE13 6JG,51.4617982,-0.0108299
Greggs (Spitalfields),"83 Old Broad Street, Spitalfields, London, EC2M 1PR",Liverpool Street,EC2M 1PR,51.517025,-0.0834517
Greggs (Spitalfields),"154 Bishopsgate, Spitalfields, London, EC2M 4LN",Liverpool Street,EC2M 4LN,51.51703,-0.08064
Greggs (Spitalfields),"48, Liverpool Street Station Main Concourse, Liverpool Street, Spitalfields, London, EC2M 7PY",Liverpool Street,EC2M 7PY,51.5180024,-0.0818635
Greggs (),"SU45, London Bridge Station, Tooley Street, London, SE1 9SP",London Bridge,SE1 9SP,51.5048825,-0.0855789
Greggs (The City),"3, Bow Bells House, Cheapside, The City, London, EC2V 6AU",Mansion House,EC2V 6AU,51.5137843,-0.0936015
Greggs (Paddington),"12, Marylebone Railway Station, Melcombe Place, Paddington, London, NW1 6JJ",Marylebone,NW1 6JJ,51.5227262,-0.163403
Greggs (Greenwich),"182 Trafalgar Road, Greenwich, London, SE10 9TZ",Maze Hill,SE10 9TZ,51.4849309,0.004426
Greggs (Mill Hill),"44 The Broadway, Mill Hill, London, NW7 3LH",Mill Hill Broadway,NW7 3LH,51.6146942,-0.2468015
Greggs (Mitcham),"702-712 Mitcham Road, Mitcham, Croydon, CR0 3AB",Mitcham Junction,CR0 3AB,51.3901899,-0.13202
Greggs (The City),"3 Eastcheap, The City, London, EC3M 1AG",Monument,EC3M 1AG,51.51082,-0.0853899
Greggs (),"Sandy Lane, Northwood, HA6 2HU",Moor Park,HA6 2HU,51.6316015,-0.4159465
Greggs (The City),"4, 74-78 Finsbury Pavement, The City, London, EC2A 1AT",Moorgate,EC2A 1AT,51.52,-0.08716
Greggs (Morden),"54 London Road, Morden, Morden, SM4 5BE",Morden,SM4 5BE,51.4026663,-0.1939396
Greggs (New Addington),"33 Central Parade, New Addington, Croydon, CR0 0JD",New Addington,CR0 0JD,51.3409701,-0.0140181
Greggs (New Malden),"148 High Street, New Malden, New Malden, KT3 4EP",New Malden,KT3 4EP,51.399894,-0.2552225
Greggs (West Wimbledon),"a3, Northbound, 325A Robin Hood Way, West Wimbledon, London, SW20 0AB",New Malden,SW20 0AB,51.4162348,-0.2512736
Greggs (Harlesden),"Acton Lane, Harlesden, London, NW10 7GF",North Acton,NW10 7GF,51.53009,-0.26824
Greggs (Canary Wharf),"1, North Greenwich Underground Station, Millennium Way, Canary Wharf, London, SE10 0PH",North Greenwich,SE10 0PH,51.5000894,0.0035895
Greggs (Greenford),"Ruislip Road, Greenford, Greenford, UB6 9RP",Northolt,UB6 9RP,51.53237,-0.37103
Greggs (Norwood),"89 High Street, Norwood, London, SE25 6EA",Norwood Junction,SE25 6EA,51.3984295,-0.0760809
Greggs (Southgate),"197 Bramley Road, Southgate, London, N14 4XA",Oakwood,N14 4XA,51.6488411,-0.1292439
Greggs (Orpington),"238 High Street, Orpington, Orpington, BR6 0LS",Orpington,BR6 0LS,51.3763007,0.0992031
Greggs (Town Centre),"270 Heston Road, Town Centre, Hounslow, TW5 0RG",Osterley,TW5 0RG,51.4883539,-0.3714627
Greggs (Lambeth),"238 Kennington Lane, Lambeth, London, SE11 5RD",Oval,SE11 5RD,51.4872723,-0.116091
Greggs (Paddington),"10a, West End Quay, South Wharf Road, Paddington, London, W2 1PE",Paddington,W2 1PE,51.51785,-0.17441
Greggs (Palmers Green),"308 Green Lanes, Palmers Green, London, N13 5TT",Palmers Green,N13 5TT,51.6193797,-0.1068029
Greggs (Palmers Green),"243 North Circular Road, Palmers Green, London, N13 5JF",Palmers Green,N13 5JF,51.61511,-0.10068
Greggs (Fulham),"702C Fulham Road, Fulham, London, SW6 5SA",Parsons Green,SW6 5SA,51.4748373,-0.2066582
Greggs (Peckham),"8, Aylesham Centre, Rye Lane, Peckham, London, SE15 5EW",Peckham Rye,SE15 5EW,51.4727601,-0.0691229
Greggs (Soho),"5 Upper James Street, Soho, London, W1F 9DG",Piccadilly Circus,W1F 9DG,51.51216,-0.13734
Greggs (Pimlico),"111 Lupus Street, Pimlico, London, SW1V 3EN",Pimlico,SW1V 3EN,51.4876548,-0.1414702
Greggs (Plaistow),"353 Barking Road, Plaistow, London, E13 8EE",Plaistow,E13 8EE,51.5219449,0.0212602
Greggs (Plumstead),"6 Lakedale Road, Plumstead, London, SE18 1PP",Plumstead,SE18 1PP,51.4868134,0.0906746
Greggs (Putney),"145 Putney High Street, Putney, London, SW15 1SU",Putney,SW15 1SU,51.4620823,-0.2162145
Greggs (Raynes Park),"36 Coombe Lane, Raynes Park, London, SW20 0LA",Raynes Park,SW20 0LA,51.4095982,-0.2307539
Greggs (Richmond),"35 The Quadrant, Richmond, Richmond Upon Thames, TW9 1DN",Richmond,TW9 1DN,51.4622356,-0.3025974
Greggs (Collier Row),"40 Collier Row Road, Collier Row, Romford, RM5 3PA",Romford,RM5 3PA,51.5988868,0.1609218
Greggs (Town Centre),"57 South Street, Town Centre, Romford, RM1 1NL",Romford,RM1 1NL,51.5765689,0.1824004
Greggs (Town Centre),"1-3 Quadrant Arcade, Town Centre, Romford, RM1 3ED",Romford,RM1 3ED,51.5782194,0.1812079
Greggs (Town Centre),"7B Western Road, Town Centre, Romford, RM1 3LD",Romford,RM1 3LD,51.5768991,0.1830813
Greggs (Shepherd's Bush),"68 Uxbridge Road, Shepherd's Bush, London, W12 8LP",Shepherd's Bush (Central),W12 8LP,51.5045599,-0.2196765
Greggs (Shepherd's Bush),"Shepherd's Bush Station, Uxbridge Road, Shepherd's Bush, London, W12 8ND",Shepherd's Bush (Central),W12 8ND,51.5043576,-0.2183251
Greggs (Sidcup),"51 Sidcup High Street, Sidcup, Sidcup, DA14 6ED",Sidcup,DA14 6ED,51.4262711,0.1034656
Greggs (Silver Street),"124 Fore Street, Silver Street, London, N18 2XA",Silver Street,N18 2XA,51.613208,-0.0645476
Greggs (Victoria),"Victoria Coach Station, Buckingham Palace Road, Victoria, London, SW1W 9TP",Sloane Square,SW1W 9TP,51.4925312,-0.1489272
Greggs (Rotherhithe),"1A Ilderton Road, Rotherhithe, London, SE16 3JU",South Bermondsey,SE16 3JU,51.4882467,-0.0575473
Greggs (Greenford),"16 The Broadway, Greenford, Greenford, UB6 9PR",South Greenford,UB6 9PR,51.52791,-0.35282
Greggs (Ruislip Manor),"708 Field End Road, Ruislip Manor, Ruislip, HA4 0QP",South Ruislip,HA4 0QP,51.5603088,-0.3809633
Greggs (South Woodford),"168 George Lane, South Woodford, London, E18 1AY",South Woodford,E18 1AY,51.5941346,0.0241842
Greggs (Southall),"43 The Broadway, Southall, Southall, UB1 1JY",Southall,UB1 1JY,51.5112655,-0.3785455
Greggs (Enfield Lock),"188 Hertford Road, Enfield Lock, Enfield, EN3 5AZ",Southbury,EN3 5AZ,51.6567459,-0.0476348
Greggs (Ponders End),"9a, Enfield Retail Park, Crown Road, Ponders End, Enfield, EN1 1TH",Southbury,EN1 1TH,51.6532829,-0.0572851
Greggs (Southfields),"8 Replingham Road, Southfields, London, SW18 5LS",Southfields,SW18 5LS,51.4446418,-0.2055628
Oakwood,"58 Chase Side, Osidge, London, N14 5PA",Southgate,N14 5PA,51.6328978,-0.1286531
Greggs (Orpington),"19, Nugent Shopping Park, Cray Avenue, Orpington, Orpington, BR5 3RP",St Mary Cray,BR5 3RP,51.392913,0.1126541
Greggs (Petts Wood),"113 Cotmandene Crescent, Petts Wood, Orpington, BR5 2RB",St Mary Cray,BR5 2RB,51.4036702,0.1061795
Greggs (Sidcup),"Swanley By Pass, Sidcup, Sidcup, DA14 5JA",St Mary Cray,DA14 5JA,51.4096967,0.1440295
Greggs (Westminster),"27 Palmer Street, Westminster, London, SW1H 0PH",St. James's Park,SW1H 0PH,51.4983239,-0.1353574
Greggs (),"1, Hawthorne Trade Park, Hawthorne Road, Staines, TW18 3AY",Staines,TW18 3AY,51.4336343,-0.530737
Greggs (Town Centre),"60 High Street, Town Centre, Staines-upon-Thames, TW18 4DY",Staines,TW18 4DY,51.4342045,-0.5112381
Greggs (Stockwell),"312 Clapham Road, Stockwell, London, SW9 9AE",Stockwell,SW9 9AE,51.4706983,-0.1246928
Greggs (Hackney),"52, The Stratford Centre, Broadway, Hackney, London, E15 1XE",Stratford,E15 1XE,51.5417834,-0.0004368
Greggs (Stratford),"SU003a, Leyton Road, Stratford, London, E15 1AA",Stratford,E15 1AA,51.5458689,0.0041066
Greggs (Stratford),"56, Westfield Stratford City, Montfichet Road, Stratford, London, E20 1EH",Stratford International,E20 1EH,51.5434921,-0.0065395
Greggs (Streatham Hill),"384 Streatham High Road, Streatham Hill, London, SW16 6HP",Streatham,SW16 6HP,51.4257378,-0.1315936
Greggs (Streatham),"158 Streatham High Road, Streatham, London, SW16 1BJ",Streatham Hill,SW16 1BJ,51.4328041,-0.1290539
Greggs (Sunbury Cross),"17 Staines Road West, Sunbury Cross, Sunbury-On-Thames, TW16 7AB",Sunbury,TW16 7AB,51.4196921,-0.420299
Greggs (Surbiton),"77 Victoria Road, Surbiton, Surbiton, KT6 4NS",Surbiton,KT6 4NS,51.3926268,-0.3052126
Greggs (Sutton),"72 High Street, Sutton, Sutton, SM1 1EZ",Sutton,SM1 1EZ,51.3618431,-0.192169
Greggs (Covent Garden),"145 Strand, Covent Garden, London, WC2R 1JA",Temple,WC2R 1JA,51.5116689,-0.1175375
Greggs (Thornton Heath),"32 Brigstock Road, Thornton Heath, Thornton Heath, CR7 8RX",Thornton Heath,CR7 8RX,51.398608,-0.1004145
Greggs (Town Centre),"758 London Road, Town Centre, Thornton Heath, CR7 6JA",Thornton Heath,CR7 6JA,51.3940664,-0.1141913
Greggs (Tooting),"41 Mitcham Road, Tooting, London, SW17 9PA",Tooting Broadway,SW17 9PA,51.4278262,-0.1672031
Greggs (Fitzrovia),"14-28 Oxford Street, Fitzrovia, London, W1D 1AU",Tottenham Court Road,W1D 1AU,51.51643,-0.1321199
Greggs (),"C1-, Tottenham Hale Retail Park, London, N15 4QD",Tottenham Hale,N15 4QD,51.5873409,-0.0620477
Greggs (Tottenham),"Station Road, Tottenham, London, N17 9LR",Tottenham Hale,N17 9LR,51.5885305,-0.0612303
Greggs (Hornsey),"29 High Road, Hornsey, London, N22 6BH",Turnpike Lane,N22 6BH,51.590682,-0.103922
Greggs (Twickenham),"8 King Street, Twickenham, Twickenham, TW1 3SN",Twickenham,TW1 3SN,51.4463962,-0.3288266
Greggs (Upton Park),"380 Green Street, Upton Park, London, E13 9AP",Upton Park,E13 9AP,51.5361441,0.0346273
Greggs (Town Centre),"Denham OTR Service Station, Oxford Road, Town Centre, Uxbridge, UB9 4DF",Uxbridge,UB9 4DF,51.5688804,-0.5044847
Greggs (Uxbridge),"154 High Street, Uxbridge, Uxbridge, UB8 1JY",Uxbridge,UB8 1JY,51.5470694,-0.4800186
Greggs (Victoria),"165 Victoria Street, Victoria, London, SW1E 5NA",Victoria,SW1E 5NA,51.4969189,-0.1386543
Greggs (Town Centre),"86 Woodcote Road, Town Centre, Wallington, SM6 0LY",Wallington,SM6 0LY,51.3586087,-0.149812
Greggs (Walthamstow),"1, Palace Parade, High Street, Walthamstow, London, E17 7BU",Walthamstow Queens Road,E17 7BU,51.5841597,-0.0240516
Greggs (Wandsworth),"The Wandsworth Shopping Centre, Wandsworth High Street, Wandsworth, London, SW18 4TG",Wandsworth Town,SW18 4TG,51.4547309,-0.1938402
Greggs (Wanstead),"85 High Street Wanstead, Wanstead, London, E11 2AE",Wanstead,E11 2AE,51.5782927,0.0262576
Greggs (Watford),"41 Lower High Street, Watford, Watford, WD17 2DJ",Watford High Street,WD17 2DJ,51.6554685,-0.3959959
Greggs (Watford),"114C High Street, Watford, Watford, WD17 2BJ",Watford High Street,WD17 2BJ,51.6542324,-0.394549
Greggs (Watford),"The Parade, 5 High Street, Watford, Watford, WD17 1LQ",Watford High Street,WD17 1LQ,51.6570716,-0.3983668
Greggs (Town Centre),"North Orbital Road, Town Centre, Watford, WD25 7LW",Watford Junction,WD25 7LW,51.6920746,-0.3981569
Greggs (Wembley),"504 High Road, Wembley, Wembley, HA9 7BH",Wembley Central,HA9 7BH,51.5532607,-0.2953114
Greggs (West Croydon),"10 London Road, West Croydon, Croydon, CR0 2TA",West Croydon,CR0 2TA,51.3788296,-0.1030356
Greggs (Hanwell),"77 Broadway, Hanwell, London, W13 9BP",West Ealing,W13 9BP,51.5099361,-0.3244942
Greggs (Norwood),"324 Norwood Road, Norwood, London, SE27 9AF",West Norwood,SE27 9AF,51.4351409,-0.1042219
Greggs (Cheam),"522 London Road, Cheam, Sutton, SM3 8HW",West Sutton,SM3 8HW,51.37158,-0.22699
Greggs (Sutton),"194 High Street, Sutton, Sutton, SM1 1NR",West Sutton,SM1 1NR,51.3658315,-0.1940291
Greggs (Blackheath),"28 Tranquil Vale, Blackheath, London, SE3 0AX",Westcombe Park,SE3 0AX,51.4662417,0.0089872
Greggs (Westminster),"4, Westminster Underground Station, Bridge Street, Westminster, London, SW1A 2JR",Westminster,SW1A 2JR,51.5011814,-0.1253411
Greggs (Shadwell),"243 Whitechapel Road, Shadwell, London, E1 1DB",Whitechapel,E1 1DB,51.5191133,-0.0609415
Greggs (Whitton),"83 High Street, Whitton, Twickenham, TW2 7LD",Whitton,TW2 7LD,51.4506912,-0.3576294
Greggs (Wimbledon),"17 Wimbledon Bridge, Wimbledon, London, SW19 7NH",Wimbledon,SW19 7NH,51.4210085,-0.2064848
Greggs (Wimbledon),"Wimbledon Station, Wimbledon Bridge, Wimbledon, London, SW19 7NL",Wimbledon,SW19 7NL,51.4214319,-0.2061677
Greggs (Hornsey),"The Broadway, 7 High Road, Hornsey, London, N22 6DS",Wood Green,N22 6DS,51.5963806,-0.1095059
Greggs (North Finchley),"720 High Road, North Finchley, London, N12 9QD",Woodside Park,N12 9QD,51.6141512,-0.1760018
Greggs (Thamesmead West),"64 Powis Street, Thamesmead West, London, SE18 6LQ",Woolwich Arsenal,SE18 6LQ,51.4916893,0.0659723
Greggs (Thamesmead West),"6 Powis Street, Thamesmead West, London, SE18 6LF",Woolwich Arsenal,SE18 6LF,51.4911099,0.0678021
